username,password
Robert,O53DBCk3KK
John,panPf1J
Michael,lF94eYT
William,GYf6129
David,O2TAwJvtI7
Richard,bxs2S3M
Joseph,W10R181
Thomas,wkyLPNp1yv
Charles,PFVf173
Christopher,Pdpw10uNn6
Daniel,nL3n1jfg8y
Matthew,5dBaZLD
Anthony,7kMkr1G
Mark,l681AjF
Donald,XseWew7
Steven,7PZ3WIjyjR
Paul,r2ASu1T
Andrew,7XPHc82
Joshua,IT1Svddobu
Kenneth,GUw31T2
Kevin,XXQ15Vyv4K
Brian,9sggIu9
George,VSgqvWK
Edward,oo1We26
Ronald,7M0zq4R
Sarah,VO2nr0ztO6
Karen,FKJhMmxaiT
Nancy,dE826qvknS
Lisa,n1w3d9L
Betty,VH0PX7O
Margaret,eHXtF4iHq3
Sandra,g4D3IUM
Ashley,X450Ao0
Kimberly,kN8Akt0
Emily,SZcOK5k0e0
Donna,Mv7175uQHv
Michelle,pW1e1KG
Dorothy,8vZ5xQ9
Carol,GCHUdkN
Amanda,Esi40wp8h9
Melissa,Oo555ZP
Deborah,vPA41f8
Stephanie,EdJ5SCM
Rebecca,7L9U6svVBd
Sharon,Tv6hH74
Laura,aX7m556
Cynthia,99aaX9V
Kathleen,o83Vf3N
Amy,DW94EyF
Shirley,KAMw020